{
  "spec/configuration/affinity_spec.rb": 83.52430958600598,
  "spec/configuration/annotations_spec.rb": 13.770975054998416,
  "spec/configuration/cell_spec.rb": 28.450859092990868,
  "spec/configuration/certificates_spec.rb": 55.18963217899727,
  "spec/configuration/certmanager_issuer_spec.rb": 27.817699193998124,
  "spec/configuration/certmanager_spec.rb": 53.636562824001885,
  "spec/configuration/clickhouse_spec.rb": 29.313914530997863,
  "spec/configuration/database_decomposition_spec.rb": 441.3652616629988,
  "spec/configuration/database_spec.rb": 173.68450830299116,
  "spec/configuration/duo_auth_spec.rb": 83.2446646180033,
  "spec/configuration/geo_ingress_spec.rb": 133.80869723499927,
  "spec/configuration/gitaly_spec.rb": 846.6072504579934,
  "spec/configuration/gitlab-yml-erb_spec.rb": 347.86956929200096,
  "spec/configuration/gitlab_exporter_spec.rb": 122.76190883301024,
  "spec/configuration/gitlab_geo_logcursor_spec.rb": 16.14108025400492,
  "spec/configuration/gitlab_shell_spec.rb": 350.6172063959966,
  "spec/configuration/global_spec.rb": 200.20688122100546,
  "spec/configuration/hpa_spec.rb": 235.97715361599694,
  "spec/configuration/image_pull_spec.rb": 0.055126958002801985,
  "spec/configuration/image_spec.rb": 46.92637871300394,
  "spec/configuration/image_tag_spec.rb": 0.03153756700339727,
  "spec/configuration/ingress_spec.rb": 640.6244065369974,
  "spec/configuration/initial_product_usage_data_spec.rb": 41.759872825001366,
  "spec/configuration/kas_spec.rb": 1135.6543586350017,
  "spec/configuration/keda_spec.rb": 33.778577420001966,
  "spec/configuration/labels_spec.rb": 70.26314846899186,
  "spec/configuration/mailroom_spec.rb": 574.1621643370017,
  "spec/configuration/microsoft_graph_mailer_spec.rb": 43.12767591199372,
  "spec/configuration/middleware_spec.rb": 28.098762727007852,
  "spec/configuration/migrations_spec.rb": 56.993221923999954,
  "spec/configuration/minio_spec.rb": 14.078675063006813,
  "spec/configuration/monitoring_spec.rb": 80.51389950400335,
  "spec/configuration/nginx_ingress_controller_deployments_daemonset_spec.rb": 84.7338970379933,
  "spec/configuration/node_selector_spec.rb": 14.609440445012297,
  "spec/configuration/objectstorage_spec.rb": 211.95737145601015,
  "spec/configuration/pages_spec.rb": 888.5723155239975,
  "spec/configuration/pdb_spec.rb": 64.47401280599297,
  "spec/configuration/praefect_spec.rb": 225.97394021999207,
  "spec/configuration/priorityclass_spec.rb": 29.40590136400715,
  "spec/configuration/redis_spec.rb": 360.5754891800025,
  "spec/configuration/registry_spec.rb": 851.6169536259986,
  "spec/configuration/securitycontext_spec.rb": 108.8636072770023,
  "spec/configuration/self_signed_certs_spec.rb": 71.95629446100793,
  "spec/configuration/session_store_spec.rb": 83.67126578099851,
  "spec/configuration/sidekiq_spec.rb": 449.12245170499955,
  "spec/configuration/smtp_spec.rb": 41.83819774999574,
  "spec/configuration/spamcheck_spec.rb": 43.34732647299825,
  "spec/configuration/strategy_spec.rb": 103.62078622700938,
  "spec/configuration/suggested_reviewers_spec.rb": 126.50295814799028,
  "spec/configuration/toolbox_spec.rb": 281.3193447490048,
  "spec/configuration/topology_spread_constraints_spec.rb": 28.045349595995503,
  "spec/configuration/webservice_deployments_spec.rb": 503.1486645209952,
  "spec/configuration/webservice_metrics_spec.rb": 70.4971043330006,
  "spec/configuration/webservice_spec.rb": 111.96516616600275,
  "spec/configuration/workhorse_spec.rb": 451.4288461269898,
  "spec/integration/check_config/duo_auth_spec.rb": 82.63478567299899,
  "spec/integration/check_config/geo_spec.rb": 85.28299838000385,
  "spec/integration/check_config/gitaly_spec.rb": 210.0116987999936,
  "spec/integration/check_config/gitlab_shell_spec.rb": 55.56221385199751,
  "spec/integration/check_config/mailroom_spec.rb": 147.73923515799106,
  "spec/integration/check_config/nginx_spec.rb": 28.01885257299,
  "spec/integration/check_config/omniauth_spec.rb": 27.380437020998215,
  "spec/integration/check_config/postgresql_spec.rb": 109.46376218300429,
  "spec/integration/check_config/prometheus_spec.rb": 27.519400696997764,
  "spec/integration/check_config/registry_spec.rb": 582.4079041759978,
  "spec/integration/check_config/sidekiq_spec.rb": 322.99684428199544,
  "spec/integration/check_config/toolbox_spec.rb": 81.26453650300391,
  "spec/integration/check_config/webservice_spec.rb": 55.02717190099065,
  "spec/integration/check_config/workhorse_spec.rb": 27.41386401100317,
  "spec/integration/check_config_spec.rb": 82.70842592499685,
  "spec/integration/examples_spec.rb": 1095.3636053260125,
  "spec/scripts/lib/version_fetcher_spec.rb": 0.03512750600930303,
  "spec/scripts/manage_version_spec.rb": 0.05102432800049428
}